dataset,symbol,status,range_start,range_end,error,fingerprint,category,adapter_version,raw_status,first_failure,last_failure,attempts,next_action
valuation_daily,000022.SZ,FAILED,UNKNOWN,UNKNOWN,000022.SZ akshare.stock_value_em: TypeError: 'NoneType' object is not subscriptable,<symbol> akshare.stock_value_em: TypeError: 'NoneType' object is not subscriptable,SYMBOL_DATA_ERROR,akshare-1.18.94,UNAVAILABLE_SDK_EXCEPTION,UNKNOWN,2026-09-11T07:48:47.341898+00:00,UNKNOWN,isolate; diagnose representative raw/SDK evidence
valuation_daily,000043.SZ,FAILED,UNKNOWN,UNKNOWN,000043.SZ akshare.stock_value_em: TypeError: 'NoneType' object is not subscriptable,<symbol> akshare.stock_value_em: TypeError: 'NoneType' object is not subscriptable,SYMBOL_DATA_ERROR,akshare-1.18.94,UNAVAILABLE_SDK_EXCEPTION,UNKNOWN,2026-09-11T07:48:53.446594+00:00,UNKNOWN,isolate; diagnose representative raw/SDK evidence
valuation_daily,002504.SZ,FAILED,UNKNOWN,UNKNOWN,002504.SZ akshare.stock_value_em: TypeError: 'NoneType' object is not subscriptable,<symbol> akshare.stock_value_em: TypeError: 'NoneType' object is not subscriptable,SYMBOL_DATA_ERROR,akshare-1.18.94,UNAVAILABLE_SDK_EXCEPTION,UNKNOWN,2026-09-11T07:48:59.751573+00:00,UNKNOWN,isolate; diagnose representative raw/SDK evidence
valuation_daily,002505.SZ,FAILED,UNKNOWN,UNKNOWN,002505.SZ akshare.stock_value_em: TypeError: 'NoneType' object is not subscriptable,<symbol> akshare.stock_value_em: TypeError: 'NoneType' object is not subscriptable,SYMBOL_DATA_ERROR,akshare-1.18.94,UNAVAILABLE_SDK_EXCEPTION,UNKNOWN,2026-09-11T07:49:06.226602+00:00,UNKNOWN,isolate; diagnose representative raw/SDK evidence
valuation_daily,002509.SZ,FAILED,UNKNOWN,UNKNOWN,002509.SZ akshare.stock_value_em: TypeError: 'NoneType' object is not subscriptable,<symbol> akshare.stock_value_em: TypeError: 'NoneType' object is not subscriptable,SYMBOL_DATA_ERROR,akshare-1.18.94,UNAVAILABLE_SDK_EXCEPTION,UNKNOWN,2026-09-11T07:49:12.459379+00:00,UNKNOWN,isolate; diagnose representative raw/SDK evidence
valuation_daily,002604.SZ,FAILED,UNKNOWN,UNKNOWN,002604.SZ akshare.stock_value_em: TypeError: 'NoneType' object is not subscriptable,<symbol> akshare.stock_value_em: TypeError: 'NoneType' object is not subscriptable,SYMBOL_DATA_ERROR,akshare-1.18.94,UNAVAILABLE_SDK_EXCEPTION,UNKNOWN,2026-09-11T07:49:18.656555+00:00,UNKNOWN,isolate; diagnose representative raw/SDK evidence
valuation_daily,002610.SZ,FAILED,UNKNOWN,UNKNOWN,002610.SZ akshare.stock_value_em: TypeError: 'NoneType' object is not subscriptable,<symbol> akshare.stock_value_em: TypeError: 'NoneType' object is not subscriptable,SYMBOL_DATA_ERROR,akshare-1.18.94,UNAVAILABLE_SDK_EXCEPTION,UNKNOWN,2026-09-11T07:49:24.910694+00:00,UNKNOWN,isolate; diagnose representative raw/SDK evidence
valuation_daily,002618.SZ,FAILED,UNKNOWN,UNKNOWN,002618.SZ akshare.stock_value_em: TypeError: 'NoneType' object is not subscriptable,<symbol> akshare.stock_value_em: TypeError: 'NoneType' object is not subscriptable,SYMBOL_DATA_ERROR,akshare-1.18.94,UNAVAILABLE_SDK_EXCEPTION,UNKNOWN,2026-09-11T07:49:31.013684+00:00,UNKNOWN,isolate; diagnose representative raw/SDK evidence
valuation_daily,002619.SZ,FAILED,UNKNOWN,UNKNOWN,002619.SZ akshare.stock_value_em: TypeError: 'NoneType' object is not subscriptable,<symbol> akshare.stock_value_em: TypeError: 'NoneType' object is not subscriptable,SYMBOL_DATA_ERROR,akshare-1.18.94,UNAVAILABLE_SDK_EXCEPTION,UNKNOWN,2026-09-11T07:49:37.372297+00:00,UNKNOWN,isolate; diagnose representative raw/SDK evidence
valuation_daily,002621.SZ,FAILED,UNKNOWN,UNKNOWN,002621.SZ akshare.stock_value_em: TypeError: 'NoneType' object is not subscriptable,<symbol> akshare.stock_value_em: TypeError: 'NoneType' object is not subscriptable,SYMBOL_DATA_ERROR,akshare-1.18.94,UNAVAILABLE_SDK_EXCEPTION,UNKNOWN,2026-09-11T07:49:43.658143+00:00,UNKNOWN,isolate; diagnose representative raw/SDK evidence
valuation_daily,002665.SZ,FAILED,UNKNOWN,UNKNOWN,002665.SZ akshare.stock_value_em: TypeError: 'NoneType' object is not subscriptable,<symbol> akshare.stock_value_em: TypeError: 'NoneType' object is not subscriptable,SYMBOL_DATA_ERROR,akshare-1.18.94,UNAVAILABLE_SDK_EXCEPTION,UNKNOWN,2026-09-11T07:49:49.842226+00:00,UNKNOWN,isolate; diagnose representative raw/SDK evidence
valuation_daily,002680.SZ,FAILED,UNKNOWN,UNKNOWN,002680.SZ akshare.stock_value_em: TypeError: 'NoneType' object is not subscriptable,<symbol> akshare.stock_value_em: TypeError: 'NoneType' object is not subscriptable,SYMBOL_DATA_ERROR,akshare-1.18.94,UNAVAILABLE_SDK_EXCEPTION,UNKNOWN,2026-09-11T07:49:56.067771+00:00,UNKNOWN,isolate; diagnose representative raw/SDK evidence
valuation_daily,002684.SZ,FAILED,UNKNOWN,UNKNOWN,002684.SZ akshare.stock_value_em: TypeError: 'NoneType' object is not subscriptable,<symbol> akshare.stock_value_em: TypeError: 'NoneType' object is not subscriptable,SYMBOL_DATA_ERROR,akshare-1.18.94,UNAVAILABLE_SDK_EXCEPTION,UNKNOWN,2026-09-11T07:50:02.431976+00:00,UNKNOWN,isolate; diagnose representative raw/SDK evidence
valuation_daily,002699.SZ,FAILED,UNKNOWN,UNKNOWN,002699.SZ akshare.stock_value_em: TypeError: 'NoneType' object is not subscriptable,<symbol> akshare.stock_value_em: TypeError: 'NoneType' object is not subscriptable,SYMBOL_DATA_ERROR,akshare-1.18.94,UNAVAILABLE_SDK_EXCEPTION,UNKNOWN,2026-09-11T07:50:08.525241+00:00,UNKNOWN,isolate; diagnose representative raw/SDK evidence
valuation_daily,002711.SZ,FAILED,UNKNOWN,UNKNOWN,002711.SZ akshare.stock_value_em: TypeError: 'NoneType' object is not subscriptable,<symbol> akshare.stock_value_em: TypeError: 'NoneType' object is not subscriptable,SYMBOL_DATA_ERROR,akshare-1.18.94,UNAVAILABLE_SDK_EXCEPTION,UNKNOWN,2026-09-11T07:50:14.501456+00:00,UNKNOWN,isolate; diagnose representative raw/SDK evidence
valuation_daily,002740.SZ,FAILED,UNKNOWN,UNKNOWN,002740.SZ akshare.stock_value_em: TypeError: 'NoneType' object is not subscriptable,<symbol> akshare.stock_value_em: TypeError: 'NoneType' object is not subscriptable,SYMBOL_DATA_ERROR,akshare-1.18.94,UNAVAILABLE_SDK_EXCEPTION,UNKNOWN,2026-09-11T07:50:20.650497+00:00,UNKNOWN,isolate; diagnose representative raw/SDK evidence
valuation_daily,002750.SZ,FAILED,UNKNOWN,UNKNOWN,002750.SZ akshare.stock_value_em: TypeError: 'NoneType' object is not subscriptable,<symbol> akshare.stock_value_em: TypeError: 'NoneType' object is not subscriptable,SYMBOL_DATA_ERROR,akshare-1.18.94,UNAVAILABLE_SDK_EXCEPTION,UNKNOWN,2026-09-11T07:50:26.975800+00:00,UNKNOWN,isolate; diagnose representative raw/SDK evidence
valuation_daily,002751.SZ,FAILED,UNKNOWN,UNKNOWN,002751.SZ akshare.stock_value_em: TypeError: 'NoneType' object is not subscriptable,<symbol> akshare.stock_value_em: TypeError: 'NoneType' object is not subscriptable,SYMBOL_DATA_ERROR,akshare-1.18.94,UNAVAILABLE_SDK_EXCEPTION,UNKNOWN,2026-09-11T07:50:33.261879+00:00,UNKNOWN,isolate; diagnose representative raw/SDK evidence
valuation_daily,002770.SZ,FAILED,UNKNOWN,UNKNOWN,002770.SZ akshare.stock_value_em: TypeError: 'NoneType' object is not subscriptable,<symbol> akshare.stock_value_em: TypeError: 'NoneType' object is not subscriptable,SYMBOL_DATA_ERROR,akshare-1.18.94,UNAVAILABLE_SDK_EXCEPTION,UNKNOWN,2026-09-11T07:50:39.354211+00:00,UNKNOWN,isolate; diagnose representative raw/SDK evidence
valuation_daily,002776.SZ,FAILED,UNKNOWN,UNKNOWN,002776.SZ akshare.stock_value_em: TypeError: 'NoneType' object is not subscriptable,<symbol> akshare.stock_value_em: TypeError: 'NoneType' object is not subscriptable,SYMBOL_DATA_ERROR,akshare-1.18.94,UNAVAILABLE_SDK_EXCEPTION,UNKNOWN,2026-09-11T07:50:45.645195+00:00,UNKNOWN,isolate; diagnose representative raw/SDK evidence
valuation_daily,002781.SZ,FAILED,UNKNOWN,UNKNOWN,002781.SZ akshare.stock_value_em: TypeError: 'NoneType' object is not subscriptable,<symbol> akshare.stock_value_em: TypeError: 'NoneType' object is not subscriptable,SYMBOL_DATA_ERROR,akshare-1.18.94,UNAVAILABLE_SDK_EXCEPTION,UNKNOWN,2026-09-11T07:50:51.825008+00:00,UNKNOWN,isolate; diagnose representative raw/SDK evidence
valuation_daily,300023.SZ,FAILED,UNKNOWN,UNKNOWN,300023.SZ akshare.stock_value_em: TypeError: 'NoneType' object is not subscriptable,<symbol> akshare.stock_value_em: TypeError: 'NoneType' object is not subscriptable,SYMBOL_DATA_ERROR,akshare-1.18.94,UNAVAILABLE_SDK_EXCEPTION,UNKNOWN,2026-09-11T07:50:57.893930+00:00,UNKNOWN,isolate; diagnose representative raw/SDK evidence
valuation_daily,300028.SZ,FAILED,UNKNOWN,UNKNOWN,300028.SZ akshare.stock_value_em: TypeError: 'NoneType' object is not subscriptable,<symbol> akshare.stock_value_em: TypeError: 'NoneType' object is not subscriptable,SYMBOL_DATA_ERROR,akshare-1.18.94,UNAVAILABLE_SDK_EXCEPTION,UNKNOWN,2026-09-11T07:51:04.173061+00:00,UNKNOWN,isolate; diagnose representative raw/SDK evidence
valuation_daily,300038.SZ,FAILED,UNKNOWN,UNKNOWN,300038.SZ akshare.stock_value_em: TypeError: 'NoneType' object is not subscriptable,<symbol> akshare.stock_value_em: TypeError: 'NoneType' object is not subscriptable,SYMBOL_DATA_ERROR,akshare-1.18.94,UNAVAILABLE_SDK_EXCEPTION,UNKNOWN,2026-09-11T07:51:10.317256+00:00,UNKNOWN,isolate; diagnose representative raw/SDK evidence
valuation_daily,300064.SZ,FAILED,UNKNOWN,UNKNOWN,300064.SZ akshare.stock_value_em: TypeError: 'NoneType' object is not subscriptable,<symbol> akshare.stock_value_em: TypeError: 'NoneType' object is not subscriptable,SYMBOL_DATA_ERROR,akshare-1.18.94,UNAVAILABLE_SDK_EXCEPTION,UNKNOWN,2026-09-11T07:51:16.461729+00:00,UNKNOWN,isolate; diagnose representative raw/SDK evidence
valuation_daily,300089.SZ,FAILED,UNKNOWN,UNKNOWN,300089.SZ akshare.stock_value_em: TypeError: 'NoneType' object is not subscriptable,<symbol> akshare.stock_value_em: TypeError: 'NoneType' object is not subscriptable,SYMBOL_DATA_ERROR,akshare-1.18.94,UNAVAILABLE_SDK_EXCEPTION,UNKNOWN,2026-09-11T07:51:22.734003+00:00,UNKNOWN,isolate; diagnose representative raw/SDK evidence
valuation_daily,300090.SZ,FAILED,UNKNOWN,UNKNOWN,300090.SZ akshare.stock_value_em: TypeError: 'NoneType' object is not subscriptable,<symbol> akshare.stock_value_em: TypeError: 'NoneType' object is not subscriptable,SYMBOL_DATA_ERROR,akshare-1.18.94,UNAVAILABLE_SDK_EXCEPTION,UNKNOWN,2026-09-11T07:51:28.886565+00:00,UNKNOWN,isolate; diagnose representative raw/SDK evidence
valuation_daily,300104.SZ,FAILED,UNKNOWN,UNKNOWN,300104.SZ akshare.stock_value_em: TypeError: 'NoneType' object is not subscriptable,<symbol> akshare.stock_value_em: TypeError: 'NoneType' object is not subscriptable,SYMBOL_DATA_ERROR,akshare-1.18.94,UNAVAILABLE_SDK_EXCEPTION,UNKNOWN,2026-09-11T07:51:35.175899+00:00,UNKNOWN,isolate; diagnose representative raw/SDK evidence
valuation_daily,300108.SZ,FAILED,UNKNOWN,UNKNOWN,300108.SZ akshare.stock_value_em: TypeError: 'NoneType' object is not subscriptable,<symbol> akshare.stock_value_em: TypeError: 'NoneType' object is not subscriptable,SYMBOL_DATA_ERROR,akshare-1.18.94,UNAVAILABLE_SDK_EXCEPTION,UNKNOWN,2026-09-11T07:51:41.555128+00:00,UNKNOWN,isolate; diagnose representative raw/SDK evidence
valuation_daily,300114.SZ,FAILED,UNKNOWN,UNKNOWN,300114.SZ akshare.stock_value_em: TypeError: 'NoneType' object is not subscriptable,<symbol> akshare.stock_value_em: TypeError: 'NoneType' object is not subscriptable,SYMBOL_DATA_ERROR,akshare-1.18.94,UNAVAILABLE_SDK_EXCEPTION,UNKNOWN,2026-09-11T07:51:47.845593+00:00,UNKNOWN,isolate; diagnose representative raw/SDK evidence
valuation_daily,300116.SZ,FAILED,UNKNOWN,UNKNOWN,300116.SZ akshare.stock_value_em: TypeError: 'NoneType' object is not subscriptable,<symbol> akshare.stock_value_em: TypeError: 'NoneType' object is not subscriptable,SYMBOL_DATA_ERROR,akshare-1.18.94,UNAVAILABLE_SDK_EXCEPTION,UNKNOWN,2026-09-11T07:51:53.909665+00:00,UNKNOWN,isolate; diagnose representative raw/SDK evidence
valuation_daily,300117.SZ,FAILED,UNKNOWN,UNKNOWN,300117.SZ akshare.stock_value_em: TypeError: 'NoneType' object is not subscriptable,<symbol> akshare.stock_value_em: TypeError: 'NoneType' object is not subscriptable,SYMBOL_DATA_ERROR,akshare-1.18.94,UNAVAILABLE_SDK_EXCEPTION,UNKNOWN,2026-09-11T07:52:00.223784+00:00,UNKNOWN,isolate; diagnose representative raw/SDK evidence
valuation_daily,300156.SZ,FAILED,UNKNOWN,UNKNOWN,300156.SZ akshare.stock_value_em: TypeError: 'NoneType' object is not subscriptable,<symbol> akshare.stock_value_em: TypeError: 'NoneType' object is not subscriptable,SYMBOL_DATA_ERROR,akshare-1.18.94,UNAVAILABLE_SDK_EXCEPTION,UNKNOWN,2026-09-11T07:52:06.368492+00:00,UNKNOWN,isolate; diagnose representative raw/SDK evidence
valuation_daily,300178.SZ,FAILED,UNKNOWN,UNKNOWN,300178.SZ akshare.stock_value_em: TypeError: 'NoneType' object is not subscriptable,<symbol> akshare.stock_value_em: TypeError: 'NoneType' object is not subscriptable,SYMBOL_DATA_ERROR,akshare-1.18.94,UNAVAILABLE_SDK_EXCEPTION,UNKNOWN,2026-09-11T07:52:12.460830+00:00,UNKNOWN,isolate; diagnose representative raw/SDK evidence
valuation_daily,300186.SZ,FAILED,UNKNOWN,UNKNOWN,300186.SZ akshare.stock_value_em: TypeError: 'NoneType' object is not subscriptable,<symbol> akshare.stock_value_em: TypeError: 'NoneType' object is not subscriptable,SYMBOL_DATA_ERROR,akshare-1.18.94,UNAVAILABLE_SDK_EXCEPTION,UNKNOWN,2026-09-11T07:52:18.905012+00:00,UNKNOWN,isolate; diagnose representative raw/SDK evidence
valuation_daily,300202.SZ,FAILED,UNKNOWN,UNKNOWN,300202.SZ akshare.stock_value_em: TypeError: 'NoneType' object is not subscriptable,<symbol> akshare.stock_value_em: TypeError: 'NoneType' object is not subscriptable,SYMBOL_DATA_ERROR,akshare-1.18.94,UNAVAILABLE_SDK_EXCEPTION,UNKNOWN,2026-09-11T07:52:25.099287+00:00,UNKNOWN,isolate; diagnose representative raw/SDK evidence
valuation_daily,300208.SZ,FAILED,UNKNOWN,UNKNOWN,300208.SZ akshare.stock_value_em: TypeError: 'NoneType' object is not subscriptable,<symbol> akshare.stock_value_em: TypeError: 'NoneType' object is not subscriptable,SYMBOL_DATA_ERROR,akshare-1.18.94,UNAVAILABLE_SDK_EXCEPTION,UNKNOWN,2026-09-11T07:52:31.357878+00:00,UNKNOWN,isolate; diagnose representative raw/SDK evidence
valuation_daily,300216.SZ,FAILED,UNKNOWN,UNKNOWN,300216.SZ akshare.stock_value_em: TypeError: 'NoneType' object is not subscriptable,<symbol> akshare.stock_value_em: TypeError: 'NoneType' object is not subscriptable,SYMBOL_DATA_ERROR,akshare-1.18.94,UNAVAILABLE_SDK_EXCEPTION,UNKNOWN,2026-09-11T07:52:37.460563+00:00,UNKNOWN,isolate; diagnose representative raw/SDK evidence
valuation_daily,300262.SZ,FAILED,UNKNOWN,UNKNOWN,300262.SZ akshare.stock_value_em: TypeError: 'NoneType' object is not subscriptable,<symbol> akshare.stock_value_em: TypeError: 'NoneType' object is not subscriptable,SYMBOL_DATA_ERROR,akshare-1.18.94,UNAVAILABLE_SDK_EXCEPTION,UNKNOWN,2026-09-11T07:52:43.776698+00:00,UNKNOWN,isolate; diagnose representative raw/SDK evidence
valuation_daily,300273.SZ,FAILED,UNKNOWN,UNKNOWN,300273.SZ akshare.stock_value_em: TypeError: 'NoneType' object is not subscriptable,<symbol> akshare.stock_value_em: TypeError: 'NoneType' object is not subscriptable,SYMBOL_DATA_ERROR,akshare-1.18.94,UNAVAILABLE_SDK_EXCEPTION,UNKNOWN,2026-09-11T07:52:49.938146+00:00,UNKNOWN,isolate; diagnose representative raw/SDK evidence
valuation_daily,300280.SZ,FAILED,UNKNOWN,UNKNOWN,300280.SZ akshare.stock_value_em: TypeError: 'NoneType' object is not subscriptable,<symbol> akshare.stock_value_em: TypeError: 'NoneType' object is not subscriptable,SYMBOL_DATA_ERROR,akshare-1.18.94,UNAVAILABLE_SDK_EXCEPTION,UNKNOWN,2026-09-11T07:52:56.223380+00:00,UNKNOWN,isolate; diagnose representative raw/SDK evidence
valuation_daily,300282.SZ,FAILED,UNKNOWN,UNKNOWN,300282.SZ akshare.stock_value_em: TypeError: 'NoneType' object is not subscriptable,<symbol> akshare.stock_value_em: TypeError: 'NoneType' object is not subscriptable,SYMBOL_DATA_ERROR,akshare-1.18.94,UNAVAILABLE_SDK_EXCEPTION,UNKNOWN,2026-09-11T07:53:02.584472+00:00,UNKNOWN,isolate; diagnose representative raw/SDK evidence
valuation_daily,300297.SZ,FAILED,UNKNOWN,UNKNOWN,300297.SZ akshare.stock_value_em: TypeError: 'NoneType' object is not subscriptable,<symbol> akshare.stock_value_em: TypeError: 'NoneType' object is not subscriptable,SYMBOL_DATA_ERROR,akshare-1.18.94,UNAVAILABLE_SDK_EXCEPTION,UNKNOWN,2026-09-11T07:53:08.851704+00:00,UNKNOWN,isolate; diagnose representative raw/SDK evidence
valuation_daily,300309.SZ,FAILED,UNKNOWN,UNKNOWN,300309.SZ akshare.stock_value_em: TypeError: 'NoneType' object is not subscriptable,<symbol> akshare.stock_value_em: TypeError: 'NoneType' object is not subscriptable,SYMBOL_DATA_ERROR,akshare-1.18.94,UNAVAILABLE_SDK_EXCEPTION,UNKNOWN,2026-09-11T07:53:14.986470+00:00,UNKNOWN,isolate; diagnose representative raw/SDK evidence
valuation_daily,300312.SZ,FAILED,UNKNOWN,UNKNOWN,300312.SZ akshare.stock_value_em: TypeError: 'NoneType' object is not subscriptable,<symbol> akshare.stock_value_em: TypeError: 'NoneType' object is not subscriptable,SYMBOL_DATA_ERROR,akshare-1.18.94,UNAVAILABLE_SDK_EXCEPTION,UNKNOWN,2026-09-11T07:53:21.305357+00:00,UNKNOWN,isolate; diagnose representative raw/SDK evidence
valuation_daily,300325.SZ,FAILED,UNKNOWN,UNKNOWN,300325.SZ akshare.stock_value_em: TypeError: 'NoneType' object is not subscriptable,<symbol> akshare.stock_value_em: TypeError: 'NoneType' object is not subscriptable,SYMBOL_DATA_ERROR,akshare-1.18.94,UNAVAILABLE_SDK_EXCEPTION,UNKNOWN,2026-09-11T07:53:27.491507+00:00,UNKNOWN,isolate; diagnose representative raw/SDK evidence
valuation_daily,300330.SZ,FAILED,UNKNOWN,UNKNOWN,300330.SZ akshare.stock_value_em: TypeError: 'NoneType' object is not subscriptable,<symbol> akshare.stock_value_em: TypeError: 'NoneType' object is not subscriptable,SYMBOL_DATA_ERROR,akshare-1.18.94,UNAVAILABLE_SDK_EXCEPTION,UNKNOWN,2026-09-11T07:53:33.726489+00:00,UNKNOWN,isolate; diagnose representative raw/SDK evidence
valuation_daily,300336.SZ,FAILED,UNKNOWN,UNKNOWN,300336.SZ akshare.stock_value_em: TypeError: 'NoneType' object is not subscriptable,<symbol> akshare.stock_value_em: TypeError: 'NoneType' object is not subscriptable,SYMBOL_DATA_ERROR,akshare-1.18.94,UNAVAILABLE_SDK_EXCEPTION,UNKNOWN,2026-09-11T07:53:39.954885+00:00,UNKNOWN,isolate; diagnose representative raw/SDK evidence
valuation_daily,300356.SZ,FAILED,UNKNOWN,UNKNOWN,300356.SZ akshare.stock_value_em: TypeError: 'NoneType' object is not subscriptable,<symbol> akshare.stock_value_em: TypeError: 'NoneType' object is not subscriptable,SYMBOL_DATA_ERROR,akshare-1.18.94,UNAVAILABLE_SDK_EXCEPTION,UNKNOWN,2026-09-11T07:53:46.518761+00:00,UNKNOWN,isolate; diagnose representative raw/SDK evidence
valuation_daily,300362.SZ,FAILED,UNKNOWN,UNKNOWN,300362.SZ akshare.stock_value_em: TypeError: 'NoneType' object is not subscriptable,<symbol> akshare.stock_value_em: TypeError: 'NoneType' object is not subscriptable,SYMBOL_DATA_ERROR,akshare-1.18.94,UNAVAILABLE_SDK_EXCEPTION,UNKNOWN,2026-09-11T07:53:52.570555+00:00,UNKNOWN,isolate; diagnose representative raw/SDK evidence
valuation_daily,300367.SZ,FAILED,UNKNOWN,UNKNOWN,300367.SZ akshare.stock_value_em: TypeError: 'NoneType' object is not subscriptable,<symbol> akshare.stock_value_em: TypeError: 'NoneType' object is not subscriptable,SYMBOL_DATA_ERROR,akshare-1.18.94,UNAVAILABLE_SDK_EXCEPTION,UNKNOWN,2026-09-11T07:53:58.691472+00:00,UNKNOWN,isolate; diagnose representative raw/SDK evidence
valuation_daily,300372.SZ,FAILED,UNKNOWN,UNKNOWN,300372.SZ akshare.stock_value_em: TypeError: 'NoneType' object is not subscriptable,<symbol> akshare.stock_value_em: TypeError: 'NoneType' object is not subscriptable,SYMBOL_DATA_ERROR,akshare-1.18.94,UNAVAILABLE_SDK_EXCEPTION,UNKNOWN,2026-09-11T07:54:05.026670+00:00,UNKNOWN,isolate; diagnose representative raw/SDK evidence
valuation_daily,300379.SZ,FAILED,UNKNOWN,UNKNOWN,300379.SZ akshare.stock_value_em: TypeError: 'NoneType' object is not subscriptable,<symbol> akshare.stock_value_em: TypeError: 'NoneType' object is not subscriptable,SYMBOL_DATA_ERROR,akshare-1.18.94,UNAVAILABLE_SDK_EXCEPTION,UNKNOWN,2026-09-11T07:54:11.341744+00:00,UNKNOWN,isolate; diagnose representative raw/SDK evidence
valuation_daily,300392.SZ,FAILED,UNKNOWN,UNKNOWN,300392.SZ akshare.stock_value_em: TypeError: 'NoneType' object is not subscriptable,<symbol> akshare.stock_value_em: TypeError: 'NoneType' object is not subscriptable,SYMBOL_DATA_ERROR,akshare-1.18.94,UNAVAILABLE_SDK_EXCEPTION,UNKNOWN,2026-09-11T07:54:17.617323+00:00,UNKNOWN,isolate; diagnose representative raw/SDK evidence
valuation_daily,300431.SZ,FAILED,UNKNOWN,UNKNOWN,300431.SZ akshare.stock_value_em: TypeError: 'NoneType' object is not subscriptable,<symbol> akshare.stock_value_em: TypeError: 'NoneType' object is not subscriptable,SYMBOL_DATA_ERROR,akshare-1.18.94,UNAVAILABLE_SDK_EXCEPTION,UNKNOWN,2026-09-11T07:54:23.860044+00:00,UNKNOWN,isolate; diagnose representative raw/SDK evidence
valuation_daily,300495.SZ,FAILED,UNKNOWN,UNKNOWN,300495.SZ akshare.stock_value_em: TypeError: 'NoneType' object is not subscriptable,<symbol> akshare.stock_value_em: TypeError: 'NoneType' object is not subscriptable,SYMBOL_DATA_ERROR,akshare-1.18.94,UNAVAILABLE_SDK_EXCEPTION,UNKNOWN,2026-09-11T07:54:30.173500+00:00,UNKNOWN,isolate; diagnose representative raw/SDK evidence
valuation_daily,300526.SZ,FAILED,UNKNOWN,UNKNOWN,300526.SZ akshare.stock_value_em: TypeError: 'NoneType' object is not subscriptable,<symbol> akshare.stock_value_em: TypeError: 'NoneType' object is not subscriptable,SYMBOL_DATA_ERROR,akshare-1.18.94,UNAVAILABLE_SDK_EXCEPTION,UNKNOWN,2026-09-11T07:54:36.279406+00:00,UNKNOWN,isolate; diagnose representative raw/SDK evidence
valuation_daily,300630.SZ,FAILED,UNKNOWN,UNKNOWN,300630.SZ akshare.stock_value_em: TypeError: 'NoneType' object is not subscriptable,<symbol> akshare.stock_value_em: TypeError: 'NoneType' object is not subscriptable,SYMBOL_DATA_ERROR,akshare-1.18.94,UNAVAILABLE_SDK_EXCEPTION,UNKNOWN,2026-09-11T07:54:42.638359+00:00,UNKNOWN,isolate; diagnose representative raw/SDK evidence
valuation_daily,300742.SZ,FAILED,UNKNOWN,UNKNOWN,300742.SZ akshare.stock_value_em: TypeError: 'NoneType' object is not subscriptable,<symbol> akshare.stock_value_em: TypeError: 'NoneType' object is not subscriptable,SYMBOL_DATA_ERROR,akshare-1.18.94,UNAVAILABLE_SDK_EXCEPTION,UNKNOWN,2026-09-11T07:54:48.861328+00:00,UNKNOWN,isolate; diagnose representative raw/SDK evidence
valuation_daily,300799.SZ,FAILED,UNKNOWN,UNKNOWN,300799.SZ akshare.stock_value_em: TypeError: 'NoneType' object is not subscriptable,<symbol> akshare.stock_value_em: TypeError: 'NoneType' object is not subscriptable,SYMBOL_DATA_ERROR,akshare-1.18.94,UNAVAILABLE_SDK_EXCEPTION,UNKNOWN,2026-09-11T07:54:55.067641+00:00,UNKNOWN,isolate; diagnose representative raw/SDK evidence
valuation_daily,600001.SH,FAILED,UNKNOWN,UNKNOWN,600001.SH akshare.stock_value_em: TypeError: 'NoneType' object is not subscriptable,<symbol> akshare.stock_value_em: TypeError: 'NoneType' object is not subscriptable,SYMBOL_DATA_ERROR,akshare-1.18.94,UNAVAILABLE_SDK_EXCEPTION,UNKNOWN,2026-09-11T07:55:01.291952+00:00,UNKNOWN,isolate; diagnose representative raw/SDK evidence
valuation_daily,600002.SH,FAILED,UNKNOWN,UNKNOWN,600002.SH akshare.stock_value_em: TypeError: 'NoneType' object is not subscriptable,<symbol> akshare.stock_value_em: TypeError: 'NoneType' object is not subscriptable,SYMBOL_DATA_ERROR,akshare-1.18.94,UNAVAILABLE_SDK_EXCEPTION,UNKNOWN,2026-09-11T07:55:07.625592+00:00,UNKNOWN,isolate; diagnose representative raw/SDK evidence
valuation_daily,600003.SH,FAILED,UNKNOWN,UNKNOWN,600003.SH akshare.stock_value_em: TypeError: 'NoneType' object is not subscriptable,<symbol> akshare.stock_value_em: TypeError: 'NoneType' object is not subscriptable,SYMBOL_DATA_ERROR,akshare-1.18.94,UNAVAILABLE_SDK_EXCEPTION,UNKNOWN,2026-09-11T07:55:13.748918+00:00,UNKNOWN,isolate; diagnose representative raw/SDK evidence
valuation_daily,600065.SH,FAILED,UNKNOWN,UNKNOWN,600065.SH akshare.stock_value_em: TypeError: 'NoneType' object is not subscriptable,<symbol> akshare.stock_value_em: TypeError: 'NoneType' object is not subscriptable,SYMBOL_DATA_ERROR,akshare-1.18.94,UNAVAILABLE_SDK_EXCEPTION,UNKNOWN,2026-09-11T07:55:20.084968+00:00,UNKNOWN,isolate; diagnose representative raw/SDK evidence
valuation_daily,600068.SH,FAILED,UNKNOWN,UNKNOWN,600068.SH akshare.stock_value_em: TypeError: 'NoneType' object is not subscriptable,<symbol> akshare.stock_value_em: TypeError: 'NoneType' object is not subscriptable,SYMBOL_DATA_ERROR,akshare-1.18.94,UNAVAILABLE_SDK_EXCEPTION,UNKNOWN,2026-09-11T07:55:26.374901+00:00,UNKNOWN,isolate; diagnose representative raw/SDK evidence
valuation_daily,600069.SH,FAILED,UNKNOWN,UNKNOWN,600069.SH akshare.stock_value_em: TypeError: 'NoneType' object is not subscriptable,<symbol> akshare.stock_value_em: TypeError: 'NoneType' object is not subscriptable,SYMBOL_DATA_ERROR,akshare-1.18.94,UNAVAILABLE_SDK_EXCEPTION,UNKNOWN,2026-09-11T07:55:32.614127+00:00,UNKNOWN,isolate; diagnose representative raw/SDK evidence
valuation_daily,600070.SH,FAILED,UNKNOWN,UNKNOWN,600070.SH akshare.stock_value_em: TypeError: 'NoneType' object is not subscriptable,<symbol> akshare.stock_value_em: TypeError: 'NoneType' object is not subscriptable,SYMBOL_DATA_ERROR,akshare-1.18.94,UNAVAILABLE_SDK_EXCEPTION,UNKNOWN,2026-09-11T07:55:38.815005+00:00,UNKNOWN,isolate; diagnose representative raw/SDK evidence
valuation_daily,600074.SH,FAILED,UNKNOWN,UNKNOWN,600074.SH akshare.stock_value_em: TypeError: 'NoneType' object is not subscriptable,<symbol> akshare.stock_value_em: TypeError: 'NoneType' object is not subscriptable,SYMBOL_DATA_ERROR,akshare-1.18.94,UNAVAILABLE_SDK_EXCEPTION,UNKNOWN,2026-09-11T07:55:45.153094+00:00,UNKNOWN,isolate; diagnose representative raw/SDK evidence
valuation_daily,600077.SH,FAILED,UNKNOWN,UNKNOWN,600077.SH akshare.stock_value_em: TypeError: 'NoneType' object is not subscriptable,<symbol> akshare.stock_value_em: TypeError: 'NoneType' object is not subscriptable,SYMBOL_DATA_ERROR,akshare-1.18.94,UNAVAILABLE_SDK_EXCEPTION,UNKNOWN,2026-09-11T07:55:51.343921+00:00,UNKNOWN,isolate; diagnose representative raw/SDK evidence
valuation_daily,600083.SH,FAILED,UNKNOWN,UNKNOWN,600083.SH akshare.stock_value_em: TypeError: 'NoneType' object is not subscriptable,<symbol> akshare.stock_value_em: TypeError: 'NoneType' object is not subscriptable,SYMBOL_DATA_ERROR,akshare-1.18.94,UNAVAILABLE_SDK_EXCEPTION,UNKNOWN,2026-09-11T07:55:57.603496+00:00,UNKNOWN,isolate; diagnose representative raw/SDK evidence
valuation_daily,600086.SH,FAILED,UNKNOWN,UNKNOWN,600086.SH akshare.stock_value_em: TypeError: 'NoneType' object is not subscriptable,<symbol> akshare.stock_value_em: TypeError: 'NoneType' object is not subscriptable,SYMBOL_DATA_ERROR,akshare-1.18.94,UNAVAILABLE_SDK_EXCEPTION,UNKNOWN,2026-09-11T07:56:03.978310+00:00,UNKNOWN,isolate; diagnose representative raw/SDK evidence
valuation_daily,600087.SH,FAILED,UNKNOWN,UNKNOWN,600087.SH akshare.stock_value_em: TypeError: 'NoneType' object is not subscriptable,<symbol> akshare.stock_value_em: TypeError: 'NoneType' object is not subscriptable,SYMBOL_DATA_ERROR,akshare-1.18.94,UNAVAILABLE_SDK_EXCEPTION,UNKNOWN,2026-09-11T07:56:10.168646+00:00,UNKNOWN,isolate; diagnose representative raw/SDK evidence
valuation_daily,600090.SH,FAILED,UNKNOWN,UNKNOWN,600090.SH akshare.stock_value_em: TypeError: 'NoneType' object is not subscriptable,<symbol> akshare.stock_value_em: TypeError: 'NoneType' object is not subscriptable,SYMBOL_DATA_ERROR,akshare-1.18.94,UNAVAILABLE_SDK_EXCEPTION,UNKNOWN,2026-09-11T07:56:16.461284+00:00,UNKNOWN,isolate; diagnose representative raw/SDK evidence
valuation_daily,600091.SH,FAILED,UNKNOWN,UNKNOWN,600091.SH akshare.stock_value_em: TypeError: 'NoneType' object is not subscriptable,<symbol> akshare.stock_value_em: TypeError: 'NoneType' object is not subscriptable,SYMBOL_DATA_ERROR,akshare-1.18.94,UNAVAILABLE_SDK_EXCEPTION,UNKNOWN,2026-09-11T07:56:22.824619+00:00,UNKNOWN,isolate; diagnose representative raw/SDK evidence
valuation_daily,600092.SH,FAILED,UNKNOWN,UNKNOWN,600092.SH akshare.stock_value_em: TypeError: 'NoneType' object is not subscriptable,<symbol> akshare.stock_value_em: TypeError: 'NoneType' object is not subscriptable,SYMBOL_DATA_ERROR,akshare-1.18.94,UNAVAILABLE_SDK_EXCEPTION,UNKNOWN,2026-09-11T07:56:29.084410+00:00,UNKNOWN,isolate; diagnose representative raw/SDK evidence
valuation_daily,600093.SH,FAILED,UNKNOWN,UNKNOWN,600093.SH akshare.stock_value_em: TypeError: 'NoneType' object is not subscriptable,<symbol> akshare.stock_value_em: TypeError: 'NoneType' object is not subscriptable,SYMBOL_DATA_ERROR,akshare-1.18.94,UNAVAILABLE_SDK_EXCEPTION,UNKNOWN,2026-09-11T07:56:35.522313+00:00,UNKNOWN,isolate; diagnose representative raw/SDK evidence
valuation_daily,600102.SH,FAILED,UNKNOWN,UNKNOWN,600102.SH akshare.stock_value_em: TypeError: 'NoneType' object is not subscriptable,<symbol> akshare.stock_value_em: TypeError: 'NoneType' object is not subscriptable,SYMBOL_DATA_ERROR,akshare-1.18.94,UNAVAILABLE_SDK_EXCEPTION,UNKNOWN,2026-09-11T07:56:41.925687+00:00,UNKNOWN,isolate; diagnose representative raw/SDK evidence
valuation_daily,600112.SH,FAILED,UNKNOWN,UNKNOWN,600112.SH akshare.stock_value_em: TypeError: 'NoneType' object is not subscriptable,<symbol> akshare.stock_value_em: TypeError: 'NoneType' object is not subscriptable,SYMBOL_DATA_ERROR,akshare-1.18.94,UNAVAILABLE_SDK_EXCEPTION,UNKNOWN,2026-09-11T07:56:48.258722+00:00,UNKNOWN,isolate; diagnose representative raw/SDK evidence
valuation_daily,600122.SH,FAILED,UNKNOWN,UNKNOWN,600122.SH akshare.stock_value_em: TypeError: 'NoneType' object is not subscriptable,<symbol> akshare.stock_value_em: TypeError: 'NoneType' object is not subscriptable,SYMBOL_DATA_ERROR,akshare-1.18.94,UNAVAILABLE_SDK_EXCEPTION,UNKNOWN,2026-09-11T07:56:54.458619+00:00,UNKNOWN,isolate; diagnose representative raw/SDK evidence
valuation_daily,600139.SH,FAILED,UNKNOWN,UNKNOWN,600139.SH akshare.stock_value_em: TypeError: 'NoneType' object is not subscriptable,<symbol> akshare.stock_value_em: TypeError: 'NoneType' object is not subscriptable,SYMBOL_DATA_ERROR,akshare-1.18.94,UNAVAILABLE_SDK_EXCEPTION,UNKNOWN,2026-09-11T07:57:00.510753+00:00,UNKNOWN,isolate; diagnose representative raw/SDK evidence
valuation_daily,600145.SH,FAILED,UNKNOWN,UNKNOWN,600145.SH akshare.stock_value_em: TypeError: 'NoneType' object is not subscriptable,<symbol> akshare.stock_value_em: TypeError: 'NoneType' object is not subscriptable,SYMBOL_DATA_ERROR,akshare-1.18.94,UNAVAILABLE_SDK_EXCEPTION,UNKNOWN,2026-09-11T07:57:06.860110+00:00,UNKNOWN,isolate; diagnose representative raw/SDK evidence
valuation_daily,600146.SH,FAILED,UNKNOWN,UNKNOWN,600146.SH akshare.stock_value_em: TypeError: 'NoneType' object is not subscriptable,<symbol> akshare.stock_value_em: TypeError: 'NoneType' object is not subscriptable,SYMBOL_DATA_ERROR,akshare-1.18.94,UNAVAILABLE_SDK_EXCEPTION,UNKNOWN,2026-09-11T07:57:12.948401+00:00,UNKNOWN,isolate; diagnose representative raw/SDK evidence
valuation_daily,600175.SH,FAILED,UNKNOWN,UNKNOWN,600175.SH akshare.stock_value_em: TypeError: 'NoneType' object is not subscriptable,<symbol> akshare.stock_value_em: TypeError: 'NoneType' object is not subscriptable,SYMBOL_DATA_ERROR,akshare-1.18.94,UNAVAILABLE_SDK_EXCEPTION,UNKNOWN,2026-09-11T07:57:19.123660+00:00,UNKNOWN,isolate; diagnose representative raw/SDK evidence
valuation_daily,600181.SH,FAILED,UNKNOWN,UNKNOWN,600181.SH akshare.stock_value_em: TypeError: 'NoneType' object is not subscriptable,<symbol> akshare.stock_value_em: TypeError: 'NoneType' object is not subscriptable,SYMBOL_DATA_ERROR,akshare-1.18.94,UNAVAILABLE_SDK_EXCEPTION,UNKNOWN,2026-09-11T07:57:25.390277+00:00,UNKNOWN,isolate; diagnose representative raw/SDK evidence
valuation_daily,600190.SH,FAILED,UNKNOWN,UNKNOWN,600190.SH akshare.stock_value_em: TypeError: 'NoneType' object is not subscriptable,<symbol> akshare.stock_value_em: TypeError: 'NoneType' object is not subscriptable,SYMBOL_DATA_ERROR,akshare-1.18.94,UNAVAILABLE_SDK_EXCEPTION,UNKNOWN,2026-09-11T07:57:31.575518+00:00,UNKNOWN,isolate; diagnose representative raw/SDK evidence
valuation_daily,600200.SH,FAILED,UNKNOWN,UNKNOWN,600200.SH akshare.stock_value_em: TypeError: 'NoneType' object is not subscriptable,<symbol> akshare.stock_value_em: TypeError: 'NoneType' object is not subscriptable,SYMBOL_DATA_ERROR,akshare-1.18.94,UNAVAILABLE_SDK_EXCEPTION,UNKNOWN,2026-09-11T07:57:37.736042+00:00,UNKNOWN,isolate; diagnose representative raw/SDK evidence
valuation_daily,600205.SH,FAILED,UNKNOWN,UNKNOWN,600205.SH akshare.stock_value_em: TypeError: 'NoneType' object is not subscriptable,<symbol> akshare.stock_value_em: TypeError: 'NoneType' object is not subscriptable,SYMBOL_DATA_ERROR,akshare-1.18.94,UNAVAILABLE_SDK_EXCEPTION,UNKNOWN,2026-09-11T07:57:43.998674+00:00,UNKNOWN,isolate; diagnose representative raw/SDK evidence
valuation_daily,600209.SH,FAILED,UNKNOWN,UNKNOWN,600209.SH akshare.stock_value_em: TypeError: 'NoneType' object is not subscriptable,<symbol> akshare.stock_value_em: TypeError: 'NoneType' object is not subscriptable,SYMBOL_DATA_ERROR,akshare-1.18.94,UNAVAILABLE_SDK_EXCEPTION,UNKNOWN,2026-09-11T07:57:50.173888+00:00,UNKNOWN,isolate; diagnose representative raw/SDK evidence
valuation_daily,600213.SH,FAILED,UNKNOWN,UNKNOWN,600213.SH akshare.stock_value_em: TypeError: 'NoneType' object is not subscriptable,<symbol> akshare.stock_value_em: TypeError: 'NoneType' object is not subscriptable,SYMBOL_DATA_ERROR,akshare-1.18.94,UNAVAILABLE_SDK_EXCEPTION,UNKNOWN,2026-09-11T07:57:56.409478+00:00,UNKNOWN,isolate; diagnose representative raw/SDK evidence
valuation_daily,600220.SH,FAILED,UNKNOWN,UNKNOWN,600220.SH akshare.stock_value_em: TypeError: 'NoneType' object is not subscriptable,<symbol> akshare.stock_value_em: TypeError: 'NoneType' object is not subscriptable,SYMBOL_DATA_ERROR,akshare-1.18.94,UNAVAILABLE_SDK_EXCEPTION,UNKNOWN,2026-09-11T07:58:02.782712+00:00,UNKNOWN,isolate; diagnose representative raw/SDK evidence
valuation_daily,600225.SH,FAILED,UNKNOWN,UNKNOWN,600225.SH akshare.stock_value_em: TypeError: 'NoneType' object is not subscriptable,<symbol> akshare.stock_value_em: TypeError: 'NoneType' object is not subscriptable,SYMBOL_DATA_ERROR,akshare-1.18.94,UNAVAILABLE_SDK_EXCEPTION,UNKNOWN,2026-09-11T07:58:09.199438+00:00,UNKNOWN,isolate; diagnose representative raw/SDK evidence
valuation_daily,600240.SH,FAILED,UNKNOWN,UNKNOWN,600240.SH akshare.stock_value_em: TypeError: 'NoneType' object is not subscriptable,<symbol> akshare.stock_value_em: TypeError: 'NoneType' object is not subscriptable,SYMBOL_DATA_ERROR,akshare-1.18.94,UNAVAILABLE_SDK_EXCEPTION,UNKNOWN,2026-09-11T07:58:15.025793+00:00,UNKNOWN,isolate; diagnose representative raw/SDK evidence
valuation_daily,600242.SH,FAILED,UNKNOWN,UNKNOWN,600242.SH akshare.stock_value_em: TypeError: 'NoneType' object is not subscriptable,<symbol> akshare.stock_value_em: TypeError: 'NoneType' object is not subscriptable,SYMBOL_DATA_ERROR,akshare-1.18.94,UNAVAILABLE_SDK_EXCEPTION,UNKNOWN,2026-09-11T07:58:21.115956+00:00,UNKNOWN,isolate; diagnose representative raw/SDK evidence
valuation_daily,600247.SH,FAILED,UNKNOWN,UNKNOWN,600247.SH akshare.stock_value_em: TypeError: 'NoneType' object is not subscriptable,<symbol> akshare.stock_value_em: TypeError: 'NoneType' object is not subscriptable,SYMBOL_DATA_ERROR,akshare-1.18.94,UNAVAILABLE_SDK_EXCEPTION,UNKNOWN,2026-09-11T07:58:27.296662+00:00,UNKNOWN,isolate; diagnose representative raw/SDK evidence
valuation_daily,600253.SH,FAILED,UNKNOWN,UNKNOWN,600253.SH akshare.stock_value_em: TypeError: 'NoneType' object is not subscriptable,<symbol> akshare.stock_value_em: TypeError: 'NoneType' object is not subscriptable,SYMBOL_DATA_ERROR,akshare-1.18.94,UNAVAILABLE_SDK_EXCEPTION,UNKNOWN,2026-09-11T07:58:33.495489+00:00,UNKNOWN,isolate; diagnose representative raw/SDK evidence
valuation_daily,600260.SH,FAILED,UNKNOWN,UNKNOWN,600260.SH akshare.stock_value_em: TypeError: 'NoneType' object is not subscriptable,<symbol> akshare.stock_value_em: TypeError: 'NoneType' object is not subscriptable,SYMBOL_DATA_ERROR,akshare-1.18.94,UNAVAILABLE_SDK_EXCEPTION,UNKNOWN,2026-09-11T07:58:39.636290+00:00,UNKNOWN,isolate; diagnose representative raw/SDK evidence
valuation_daily,600263.SH,FAILED,UNKNOWN,UNKNOWN,600263.SH akshare.stock_value_em: TypeError: 'NoneType' object is not subscriptable,<symbol> akshare.stock_value_em: TypeError: 'NoneType' object is not subscriptable,SYMBOL_DATA_ERROR,akshare-1.18.94,UNAVAILABLE_SDK_EXCEPTION,UNKNOWN,2026-09-11T07:58:45.787267+00:00,UNKNOWN,isolate; diagnose representative raw/SDK evidence
valuation_daily,600270.SH,FAILED,UNKNOWN,UNKNOWN,600270.SH akshare.stock_value_em: TypeError: 'NoneType' object is not subscriptable,<symbol> akshare.stock_value_em: TypeError: 'NoneType' object is not subscriptable,SYMBOL_DATA_ERROR,akshare-1.18.94,UNAVAILABLE_SDK_EXCEPTION,UNKNOWN,2026-09-11T07:58:52.079686+00:00,UNKNOWN,isolate; diagnose representative raw/SDK evidence
valuation_daily,600275.SH,FAILED,UNKNOWN,UNKNOWN,600275.SH akshare.stock_value_em: TypeError: 'NoneType' object is not subscriptable,<symbol> akshare.stock_value_em: TypeError: 'NoneType' object is not subscriptable,SYMBOL_DATA_ERROR,akshare-1.18.94,UNAVAILABLE_SDK_EXCEPTION,UNKNOWN,2026-09-11T07:58:58.242520+00:00,UNKNOWN,isolate; diagnose representative raw/SDK evidence
valuation_daily,600277.SH,FAILED,UNKNOWN,UNKNOWN,600277.SH akshare.stock_value_em: TypeError: 'NoneType' object is not subscriptable,<symbol> akshare.stock_value_em: TypeError: 'NoneType' object is not subscriptable,SYMBOL_DATA_ERROR,akshare-1.18.94,UNAVAILABLE_SDK_EXCEPTION,UNKNOWN,2026-09-11T07:59:04.516145+00:00,UNKNOWN,isolate; diagnose representative raw/SDK evidence
valuation_daily,600286.SH,FAILED,UNKNOWN,UNKNOWN,600286.SH akshare.stock_value_em: TypeError: 'NoneType' object is not subscriptable,<symbol> akshare.stock_value_em: TypeError: 'NoneType' object is not subscriptable,SYMBOL_DATA_ERROR,akshare-1.18.94,UNAVAILABLE_SDK_EXCEPTION,UNKNOWN,2026-09-11T07:59:11.007528+00:00,UNKNOWN,isolate; diagnose representative raw/SDK evidence
valuation_daily,600290.SH,FAILED,UNKNOWN,UNKNOWN,600290.SH akshare.stock_value_em: TypeError: 'NoneType' object is not subscriptable,<symbol> akshare.stock_value_em: TypeError: 'NoneType' object is not subscriptable,SYMBOL_DATA_ERROR,akshare-1.18.94,UNAVAILABLE_SDK_EXCEPTION,UNKNOWN,2026-09-11T07:59:17.161379+00:00,UNKNOWN,isolate; diagnose representative raw/SDK evidence
valuation_daily,600291.SH,FAILED,UNKNOWN,UNKNOWN,600291.SH akshare.stock_value_em: TypeError: 'NoneType' object is not subscriptable,<symbol> akshare.stock_value_em: TypeError: 'NoneType' object is not subscriptable,SYMBOL_DATA_ERROR,akshare-1.18.94,UNAVAILABLE_SDK_EXCEPTION,UNKNOWN,2026-09-11T07:59:23.301291+00:00,UNKNOWN,isolate; diagnose representative raw/SDK evidence
valuation_daily,600296.SH,FAILED,UNKNOWN,UNKNOWN,600296.SH akshare.stock_value_em: TypeError: 'NoneType' object is not subscriptable,<symbol> akshare.stock_value_em: TypeError: 'NoneType' object is not subscriptable,SYMBOL_DATA_ERROR,akshare-1.18.94,UNAVAILABLE_SDK_EXCEPTION,UNKNOWN,2026-09-11T07:59:29.576794+00:00,UNKNOWN,isolate; diagnose representative raw/SDK evidence
valuation_daily,600297.SH,FAILED,UNKNOWN,UNKNOWN,600297.SH akshare.stock_value_em: TypeError: 'NoneType' object is not subscriptable,<symbol> akshare.stock_value_em: TypeError: 'NoneType' object is not subscriptable,SYMBOL_DATA_ERROR,akshare-1.18.94,UNAVAILABLE_SDK_EXCEPTION,UNKNOWN,2026-09-11T07:59:35.682647+00:00,UNKNOWN,isolate; diagnose representative raw/SDK evidence
valuation_daily,600306.SH,FAILED,UNKNOWN,UNKNOWN,600306.SH akshare.stock_value_em: TypeError: 'NoneType' object is not subscriptable,<symbol> akshare.stock_value_em: TypeError: 'NoneType' object is not subscriptable,SYMBOL_DATA_ERROR,akshare-1.18.94,UNAVAILABLE_SDK_EXCEPTION,UNKNOWN,2026-09-11T07:59:42.079186+00:00,UNKNOWN,isolate; diagnose representative raw/SDK evidence
valuation_daily,600311.SH,FAILED,UNKNOWN,UNKNOWN,600311.SH akshare.stock_value_em: TypeError: 'NoneType' object is not subscriptable,<symbol> akshare.stock_value_em: TypeError: 'NoneType' object is not subscriptable,SYMBOL_DATA_ERROR,akshare-1.18.94,UNAVAILABLE_SDK_EXCEPTION,UNKNOWN,2026-09-11T07:59:48.388660+00:00,UNKNOWN,isolate; diagnose representative raw/SDK evidence
valuation_daily,600317.SH,FAILED,UNKNOWN,UNKNOWN,600317.SH akshare.stock_value_em: TypeError: 'NoneType' object is not subscriptable,<symbol> akshare.stock_value_em: TypeError: 'NoneType' object is not subscriptable,SYMBOL_DATA_ERROR,akshare-1.18.94,UNAVAILABLE_SDK_EXCEPTION,UNKNOWN,2026-09-11T07:59:54.902924+00:00,UNKNOWN,isolate; diagnose representative raw/SDK evidence
valuation_daily,600321.SH,FAILED,UNKNOWN,UNKNOWN,600321.SH akshare.stock_value_em: TypeError: 'NoneType' object is not subscriptable,<symbol> akshare.stock_value_em: TypeError: 'NoneType' object is not subscriptable,SYMBOL_DATA_ERROR,akshare-1.18.94,UNAVAILABLE_SDK_EXCEPTION,UNKNOWN,2026-09-11T08:00:00.990416+00:00,UNKNOWN,isolate; diagnose representative raw/SDK evidence
valuation_daily,600357.SH,FAILED,UNKNOWN,UNKNOWN,600357.SH akshare.stock_value_em: TypeError: 'NoneType' object is not subscriptable,<symbol> akshare.stock_value_em: TypeError: 'NoneType' object is not subscriptable,SYMBOL_DATA_ERROR,akshare-1.18.94,UNAVAILABLE_SDK_EXCEPTION,UNKNOWN,2026-09-11T08:00:07.043888+00:00,UNKNOWN,isolate; diagnose representative raw/SDK evidence
valuation_daily,600385.SH,FAILED,UNKNOWN,UNKNOWN,600385.SH akshare.stock_value_em: TypeError: 'NoneType' object is not subscriptable,<symbol> akshare.stock_value_em: TypeError: 'NoneType' object is not subscriptable,SYMBOL_DATA_ERROR,akshare-1.18.94,UNAVAILABLE_SDK_EXCEPTION,UNKNOWN,2026-09-11T08:00:13.219160+00:00,UNKNOWN,isolate; diagnose representative raw/SDK evidence
valuation_daily,600387.SH,FAILED,UNKNOWN,UNKNOWN,600387.SH akshare.stock_value_em: TypeError: 'NoneType' object is not subscriptable,<symbol> akshare.stock_value_em: TypeError: 'NoneType' object is not subscriptable,SYMBOL_DATA_ERROR,akshare-1.18.94,UNAVAILABLE_SDK_EXCEPTION,UNKNOWN,2026-09-11T08:00:19.526300+00:00,UNKNOWN,isolate; diagnose representative raw/SDK evidence
valuation_daily,600393.SH,FAILED,UNKNOWN,UNKNOWN,600393.SH akshare.stock_value_em: TypeError: 'NoneType' object is not subscriptable,<symbol> akshare.stock_value_em: TypeError: 'NoneType' object is not subscriptable,SYMBOL_DATA_ERROR,akshare-1.18.94,UNAVAILABLE_SDK_EXCEPTION,UNKNOWN,2026-09-11T08:00:25.955688+00:00,UNKNOWN,isolate; diagnose representative raw/SDK evidence
valuation_daily,600401.SH,FAILED,UNKNOWN,UNKNOWN,600401.SH akshare.stock_value_em: TypeError: 'NoneType' object is not subscriptable,<symbol> akshare.stock_value_em: TypeError: 'NoneType' object is not subscriptable,SYMBOL_DATA_ERROR,akshare-1.18.94,UNAVAILABLE_SDK_EXCEPTION,UNKNOWN,2026-09-11T08:00:32.303790+00:00,UNKNOWN,isolate; diagnose representative raw/SDK evidence
valuation_daily,600432.SH,FAILED,UNKNOWN,UNKNOWN,600432.SH akshare.stock_value_em: TypeError: 'NoneType' object is not subscriptable,<symbol> akshare.stock_value_em: TypeError: 'NoneType' object is not subscriptable,SYMBOL_DATA_ERROR,akshare-1.18.94,UNAVAILABLE_SDK_EXCEPTION,UNKNOWN,2026-09-11T08:00:38.429512+00:00,UNKNOWN,isolate; diagnose representative raw/SDK evidence
valuation_daily,600462.SH,FAILED,UNKNOWN,UNKNOWN,600462.SH akshare.stock_value_em: TypeError: 'NoneType' object is not subscriptable,<symbol> akshare.stock_value_em: TypeError: 'NoneType' object is not subscriptable,SYMBOL_DATA_ERROR,akshare-1.18.94,UNAVAILABLE_SDK_EXCEPTION,UNKNOWN,2026-09-11T08:00:44.681034+00:00,UNKNOWN,isolate; diagnose representative raw/SDK evidence
valuation_daily,600466.SH,FAILED,UNKNOWN,UNKNOWN,600466.SH akshare.stock_value_em: TypeError: 'NoneType' object is not subscriptable,<symbol> akshare.stock_value_em: TypeError: 'NoneType' object is not subscriptable,SYMBOL_DATA_ERROR,akshare-1.18.94,UNAVAILABLE_SDK_EXCEPTION,UNKNOWN,2026-09-11T08:00:50.949263+00:00,UNKNOWN,isolate; diagnose representative raw/SDK evidence
valuation_daily,600472.SH,FAILED,UNKNOWN,UNKNOWN,600472.SH akshare.stock_value_em: TypeError: 'NoneType' object is not subscriptable,<symbol> akshare.stock_value_em: TypeError: 'NoneType' object is not subscriptable,SYMBOL_DATA_ERROR,akshare-1.18.94,UNAVAILABLE_SDK_EXCEPTION,UNKNOWN,2026-09-11T08:00:57.109541+00:00,UNKNOWN,isolate; diagnose representative raw/SDK evidence
valuation_daily,600485.SH,FAILED,UNKNOWN,UNKNOWN,600485.SH akshare.stock_value_em: TypeError: 'NoneType' object is not subscriptable,<symbol> akshare.stock_value_em: TypeError: 'NoneType' object is not subscriptable,SYMBOL_DATA_ERROR,akshare-1.18.94,UNAVAILABLE_SDK_EXCEPTION,UNKNOWN,2026-09-11T08:01:03.595648+00:00,UNKNOWN,isolate; diagnose representative raw/SDK evidence
valuation_daily,600532.SH,FAILED,UNKNOWN,UNKNOWN,600532.SH akshare.stock_value_em: TypeError: 'NoneType' object is not subscriptable,<symbol> akshare.stock_value_em: TypeError: 'NoneType' object is not subscriptable,SYMBOL_DATA_ERROR,akshare-1.18.94,UNAVAILABLE_SDK_EXCEPTION,UNKNOWN,2026-09-11T08:01:09.721829+00:00,UNKNOWN,isolate; diagnose representative raw/SDK evidence
valuation_daily,600553.SH,FAILED,UNKNOWN,UNKNOWN,600553.SH akshare.stock_value_em: TypeError: 'NoneType' object is not subscriptable,<symbol> akshare.stock_value_em: TypeError: 'NoneType' object is not subscriptable,SYMBOL_DATA_ERROR,akshare-1.18.94,UNAVAILABLE_SDK_EXCEPTION,UNKNOWN,2026-09-11T08:01:16.138385+00:00,UNKNOWN,isolate; diagnose representative raw/SDK evidence
valuation_daily,600555.SH,FAILED,UNKNOWN,UNKNOWN,600555.SH akshare.stock_value_em: TypeError: 'NoneType' object is not subscriptable,<symbol> akshare.stock_value_em: TypeError: 'NoneType' object is not subscriptable,SYMBOL_DATA_ERROR,akshare-1.18.94,UNAVAILABLE_SDK_EXCEPTION,UNKNOWN,2026-09-11T08:01:22.653695+00:00,UNKNOWN,isolate; diagnose representative raw/SDK evidence
valuation_daily,600565.SH,FAILED,UNKNOWN,UNKNOWN,600565.SH akshare.stock_value_em: TypeError: 'NoneType' object is not subscriptable,<symbol> akshare.stock_value_em: TypeError: 'NoneType' object is not subscriptable,SYMBOL_DATA_ERROR,akshare-1.18.94,UNAVAILABLE_SDK_EXCEPTION,UNKNOWN,2026-09-11T08:01:28.802085+00:00,UNKNOWN,isolate; diagnose representative raw/SDK evidence
valuation_daily,600591.SH,FAILED,UNKNOWN,UNKNOWN,600591.SH akshare.stock_value_em: TypeError: 'NoneType' object is not subscriptable,<symbol> akshare.stock_value_em: TypeError: 'NoneType' object is not subscriptable,SYMBOL_DATA_ERROR,akshare-1.18.94,UNAVAILABLE_SDK_EXCEPTION,UNKNOWN,2026-09-11T08:01:35.058355+00:00,UNKNOWN,isolate; diagnose representative raw/SDK evidence
valuation_daily,600607.SH,FAILED,UNKNOWN,UNKNOWN,600607.SH akshare.stock_value_em: TypeError: 'NoneType' object is not subscriptable,<symbol> akshare.stock_value_em: TypeError: 'NoneType' object is not subscriptable,SYMBOL_DATA_ERROR,akshare-1.18.94,UNAVAILABLE_SDK_EXCEPTION,UNKNOWN,2026-09-11T08:01:41.347217+00:00,UNKNOWN,isolate; diagnose representative raw/SDK evidence
valuation_daily,600614.SH,FAILED,UNKNOWN,UNKNOWN,600614.SH akshare.stock_value_em: TypeError: 'NoneType' object is not subscriptable,<symbol> akshare.stock_value_em: TypeError: 'NoneType' object is not subscriptable,SYMBOL_DATA_ERROR,akshare-1.18.94,UNAVAILABLE_SDK_EXCEPTION,UNKNOWN,2026-09-11T08:01:48.570773+00:00,UNKNOWN,isolate; diagnose representative raw/SDK evidence
valuation_daily,600625.SH,FAILED,UNKNOWN,UNKNOWN,600625.SH akshare.stock_value_em: TypeError: 'NoneType' object is not subscriptable,<symbol> akshare.stock_value_em: TypeError: 'NoneType' object is not subscriptable,SYMBOL_DATA_ERROR,akshare-1.18.94,UNAVAILABLE_SDK_EXCEPTION,UNKNOWN,2026-09-11T08:01:53.752935+00:00,UNKNOWN,isolate; diagnose representative raw/SDK evidence
valuation_daily,600627.SH,FAILED,UNKNOWN,UNKNOWN,600627.SH akshare.stock_value_em: TypeError: 'NoneType' object is not subscriptable,<symbol> akshare.stock_value_em: TypeError: 'NoneType' object is not subscriptable,SYMBOL_DATA_ERROR,akshare-1.18.94,UNAVAILABLE_SDK_EXCEPTION,UNKNOWN,2026-09-11T08:01:59.967876+00:00,UNKNOWN,isolate; diagnose representative raw/SDK evidence
valuation_daily,600631.SH,FAILED,UNKNOWN,UNKNOWN,600631.SH akshare.stock_value_em: TypeError: 'NoneType' object is not subscriptable,<symbol> akshare.stock_value_em: TypeError: 'NoneType' object is not subscriptable,SYMBOL_DATA_ERROR,akshare-1.18.94,UNAVAILABLE_SDK_EXCEPTION,UNKNOWN,2026-09-11T08:02:06.216898+00:00,UNKNOWN,isolate; diagnose representative raw/SDK evidence
valuation_daily,600632.SH,FAILED,UNKNOWN,UNKNOWN,600632.SH akshare.stock_value_em: TypeError: 'NoneType' object is not subscriptable,<symbol> akshare.stock_value_em: TypeError: 'NoneType' object is not subscriptable,SYMBOL_DATA_ERROR,akshare-1.18.94,UNAVAILABLE_SDK_EXCEPTION,UNKNOWN,2026-09-11T08:02:12.455075+00:00,UNKNOWN,isolate; diagnose representative raw/SDK evidence
valuation_daily,600634.SH,FAILED,UNKNOWN,UNKNOWN,600634.SH akshare.stock_value_em: TypeError: 'NoneType' object is not subscriptable,<symbol> akshare.stock_value_em: TypeError: 'NoneType' object is not subscriptable,SYMBOL_DATA_ERROR,akshare-1.18.94,UNAVAILABLE_SDK_EXCEPTION,UNKNOWN,2026-09-11T08:02:18.654835+00:00,UNKNOWN,isolate; diagnose representative raw/SDK evidence
valuation_daily,600646.SH,FAILED,UNKNOWN,UNKNOWN,600646.SH akshare.stock_value_em: TypeError: 'NoneType' object is not subscriptable,<symbol> akshare.stock_value_em: TypeError: 'NoneType' object is not subscriptable,SYMBOL_DATA_ERROR,akshare-1.18.94,UNAVAILABLE_SDK_EXCEPTION,UNKNOWN,2026-09-11T08:02:24.670708+00:00,UNKNOWN,isolate; diagnose representative raw/SDK evidence
valuation_daily,600647.SH,FAILED,UNKNOWN,UNKNOWN,600647.SH akshare.stock_value_em: TypeError: 'NoneType' object is not subscriptable,<symbol> akshare.stock_value_em: TypeError: 'NoneType' object is not subscriptable,SYMBOL_DATA_ERROR,akshare-1.18.94,UNAVAILABLE_SDK_EXCEPTION,UNKNOWN,2026-09-11T08:02:31.013125+00:00,UNKNOWN,isolate; diagnose representative raw/SDK evidence
valuation_daily,600652.SH,FAILED,UNKNOWN,UNKNOWN,600652.SH akshare.stock_value_em: TypeError: 'NoneType' object is not subscriptable,<symbol> akshare.stock_value_em: TypeError: 'NoneType' object is not subscriptable,SYMBOL_DATA_ERROR,akshare-1.18.94,UNAVAILABLE_SDK_EXCEPTION,UNKNOWN,2026-09-11T08:02:37.180207+00:00,UNKNOWN,isolate; diagnose representative raw/SDK evidence
valuation_daily,600656.SH,FAILED,UNKNOWN,UNKNOWN,600656.SH akshare.stock_value_em: TypeError: 'NoneType' object is not subscriptable,<symbol> akshare.stock_value_em: TypeError: 'NoneType' object is not subscriptable,SYMBOL_DATA_ERROR,akshare-1.18.94,UNAVAILABLE_SDK_EXCEPTION,UNKNOWN,2026-09-11T08:02:43.833796+00:00,UNKNOWN,isolate; diagnose representative raw/SDK evidence
valuation_daily,600659.SH,FAILED,UNKNOWN,UNKNOWN,600659.SH akshare.stock_value_em: TypeError: 'NoneType' object is not subscriptable,<symbol> akshare.stock_value_em: TypeError: 'NoneType' object is not subscriptable,SYMBOL_DATA_ERROR,akshare-1.18.94,UNAVAILABLE_SDK_EXCEPTION,UNKNOWN,2026-09-11T08:02:49.730875+00:00,UNKNOWN,isolate; diagnose representative raw/SDK evidence
valuation_daily,600669.SH,FAILED,UNKNOWN,UNKNOWN,600669.SH akshare.stock_value_em: TypeError: 'NoneType' object is not subscriptable,<symbol> akshare.stock_value_em: TypeError: 'NoneType' object is not subscriptable,SYMBOL_DATA_ERROR,akshare-1.18.94,UNAVAILABLE_SDK_EXCEPTION,UNKNOWN,2026-09-11T08:02:55.936779+00:00,UNKNOWN,isolate; diagnose representative raw/SDK evidence
valuation_daily,600670.SH,FAILED,UNKNOWN,UNKNOWN,600670.SH akshare.stock_value_em: TypeError: 'NoneType' object is not subscriptable,<symbol> akshare.stock_value_em: TypeError: 'NoneType' object is not subscriptable,SYMBOL_DATA_ERROR,akshare-1.18.94,UNAVAILABLE_SDK_EXCEPTION,UNKNOWN,2026-09-11T08:03:02.133204+00:00,UNKNOWN,isolate; diagnose representative raw/SDK evidence
valuation_daily,600672.SH,FAILED,UNKNOWN,UNKNOWN,600672.SH akshare.stock_value_em: TypeError: 'NoneType' object is not subscriptable,<symbol> akshare.stock_value_em: TypeError: 'NoneType' object is not subscriptable,SYMBOL_DATA_ERROR,akshare-1.18.94,UNAVAILABLE_SDK_EXCEPTION,UNKNOWN,2026-09-11T08:03:08.350110+00:00,UNKNOWN,isolate; diagnose representative raw/SDK evidence
valuation_daily,600677.SH,FAILED,UNKNOWN,UNKNOWN,600677.SH akshare.stock_value_em: TypeError: 'NoneType' object is not subscriptable,<symbol> akshare.stock_value_em: TypeError: 'NoneType' object is not subscriptable,SYMBOL_DATA_ERROR,akshare-1.18.94,UNAVAILABLE_SDK_EXCEPTION,UNKNOWN,2026-09-11T08:03:14.697651+00:00,UNKNOWN,isolate; diagnose representative raw/SDK evidence
valuation_daily,600680.SH,FAILED,UNKNOWN,UNKNOWN,600680.SH akshare.stock_value_em: TypeError: 'NoneType' object is not subscriptable,<symbol> akshare.stock_value_em: TypeError: 'NoneType' object is not subscriptable,SYMBOL_DATA_ERROR,akshare-1.18.94,UNAVAILABLE_SDK_EXCEPTION,UNKNOWN,2026-09-11T08:03:20.791594+00:00,UNKNOWN,isolate; diagnose representative raw/SDK evidence
valuation_daily,600687.SH,FAILED,UNKNOWN,UNKNOWN,600687.SH akshare.stock_value_em: TypeError: 'NoneType' object is not subscriptable,<symbol> akshare.stock_value_em: TypeError: 'NoneType' object is not subscriptable,SYMBOL_DATA_ERROR,akshare-1.18.94,UNAVAILABLE_SDK_EXCEPTION,UNKNOWN,2026-09-11T08:03:26.949224+00:00,UNKNOWN,isolate; diagnose representative raw/SDK evidence
valuation_daily,600695.SH,FAILED,UNKNOWN,UNKNOWN,600695.SH akshare.stock_value_em: TypeError: 'NoneType' object is not subscriptable,<symbol> akshare.stock_value_em: TypeError: 'NoneType' object is not subscriptable,SYMBOL_DATA_ERROR,akshare-1.18.94,UNAVAILABLE_SDK_EXCEPTION,UNKNOWN,2026-09-11T08:03:35.321464+00:00,UNKNOWN,isolate; diagnose representative raw/SDK evidence
valuation_daily,600700.SH,FAILED,UNKNOWN,UNKNOWN,600700.SH akshare.stock_value_em: TypeError: 'NoneType' object is not subscriptable,<symbol> akshare.stock_value_em: TypeError: 'NoneType' object is not subscriptable,SYMBOL_DATA_ERROR,akshare-1.18.94,UNAVAILABLE_SDK_EXCEPTION,UNKNOWN,2026-09-11T08:03:41.603182+00:00,UNKNOWN,isolate; diagnose representative raw/SDK evidence
valuation_daily,600701.SH,FAILED,UNKNOWN,UNKNOWN,600701.SH akshare.stock_value_em: TypeError: 'NoneType' object is not subscriptable,<symbol> akshare.stock_value_em: TypeError: 'NoneType' object is not subscriptable,SYMBOL_DATA_ERROR,akshare-1.18.94,UNAVAILABLE_SDK_EXCEPTION,UNKNOWN,2026-09-11T08:03:47.807612+00:00,UNKNOWN,isolate; diagnose representative raw/SDK evidence
valuation_daily,600705.SH,FAILED,UNKNOWN,UNKNOWN,600705.SH akshare.stock_value_em: TypeError: 'NoneType' object is not subscriptable,<symbol> akshare.stock_value_em: TypeError: 'NoneType' object is not subscriptable,SYMBOL_DATA_ERROR,akshare-1.18.94,UNAVAILABLE_SDK_EXCEPTION,UNKNOWN,2026-09-11T08:03:53.988124+00:00,UNKNOWN,isolate; diagnose representative raw/SDK evidence
valuation_daily,600709.SH,FAILED,UNKNOWN,UNKNOWN,600709.SH akshare.stock_value_em: TypeError: 'NoneType' object is not subscriptable,<symbol> akshare.stock_value_em: TypeError: 'NoneType' object is not subscriptable,SYMBOL_DATA_ERROR,akshare-1.18.94,UNAVAILABLE_SDK_EXCEPTION,UNKNOWN,2026-09-11T08:04:00.283168+00:00,UNKNOWN,isolate; diagnose representative raw/SDK evidence
valuation_daily,600723.SH,FAILED,UNKNOWN,UNKNOWN,600723.SH akshare.stock_value_em: TypeError: 'NoneType' object is not subscriptable,<symbol> akshare.stock_value_em: TypeError: 'NoneType' object is not subscriptable,SYMBOL_DATA_ERROR,akshare-1.18.94,UNAVAILABLE_SDK_EXCEPTION,UNKNOWN,2026-09-11T08:04:06.748923+00:00,UNKNOWN,isolate; diagnose representative raw/SDK evidence
valuation_daily,600747.SH,FAILED,UNKNOWN,UNKNOWN,600747.SH akshare.stock_value_em: TypeError: 'NoneType' object is not subscriptable,<symbol> akshare.stock_value_em: TypeError: 'NoneType' object is not subscriptable,SYMBOL_DATA_ERROR,akshare-1.18.94,UNAVAILABLE_SDK_EXCEPTION,UNKNOWN,2026-09-11T08:04:12.855059+00:00,UNKNOWN,isolate; diagnose representative raw/SDK evidence
valuation_daily,600752.SH,FAILED,UNKNOWN,UNKNOWN,600752.SH akshare.stock_value_em: TypeError: 'NoneType' object is not subscriptable,<symbol> akshare.stock_value_em: TypeError: 'NoneType' object is not subscriptable,SYMBOL_DATA_ERROR,akshare-1.18.94,UNAVAILABLE_SDK_EXCEPTION,UNKNOWN,2026-09-11T08:04:19.128134+00:00,UNKNOWN,isolate; diagnose representative raw/SDK evidence
valuation_daily,600762.SH,FAILED,UNKNOWN,UNKNOWN,600762.SH akshare.stock_value_em: TypeError: 'NoneType' object is not subscriptable,<symbol> akshare.stock_value_em: TypeError: 'NoneType' object is not subscriptable,SYMBOL_DATA_ERROR,akshare-1.18.94,UNAVAILABLE_SDK_EXCEPTION,UNKNOWN,2026-09-11T08:04:25.477915+00:00,UNKNOWN,isolate; diagnose representative raw/SDK evidence
valuation_daily,600766.SH,FAILED,UNKNOWN,UNKNOWN,600766.SH akshare.stock_value_em: TypeError: 'NoneType' object is not subscriptable,<symbol> akshare.stock_value_em: TypeError: 'NoneType' object is not subscriptable,SYMBOL_DATA_ERROR,akshare-1.18.94,UNAVAILABLE_SDK_EXCEPTION,UNKNOWN,2026-09-11T08:04:31.813958+00:00,UNKNOWN,isolate; diagnose representative raw/SDK evidence
valuation_daily,600767.SH,FAILED,UNKNOWN,UNKNOWN,600767.SH akshare.stock_value_em: TypeError: 'NoneType' object is not subscriptable,<symbol> akshare.stock_value_em: TypeError: 'NoneType' object is not subscriptable,SYMBOL_DATA_ERROR,akshare-1.18.94,UNAVAILABLE_SDK_EXCEPTION,UNKNOWN,2026-09-11T08:04:38.032448+00:00,UNKNOWN,isolate; diagnose representative raw/SDK evidence
valuation_daily,600772.SH,FAILED,UNKNOWN,UNKNOWN,600772.SH akshare.stock_value_em: TypeError: 'NoneType' object is not subscriptable,<symbol> akshare.stock_value_em: TypeError: 'NoneType' object is not subscriptable,SYMBOL_DATA_ERROR,akshare-1.18.94,UNAVAILABLE_SDK_EXCEPTION,UNKNOWN,2026-09-11T08:04:44.260851+00:00,UNKNOWN,isolate; diagnose representative raw/SDK evidence
valuation_daily,600781.SH,FAILED,UNKNOWN,UNKNOWN,600781.SH akshare.stock_value_em: TypeError: 'NoneType' object is not subscriptable,<symbol> akshare.stock_value_em: TypeError: 'NoneType' object is not subscriptable,SYMBOL_DATA_ERROR,akshare-1.18.94,UNAVAILABLE_SDK_EXCEPTION,UNKNOWN,2026-09-11T08:04:50.316170+00:00,UNKNOWN,isolate; diagnose representative raw/SDK evidence
valuation_daily,600786.SH,FAILED,UNKNOWN,UNKNOWN,600786.SH akshare.stock_value_em: TypeError: 'NoneType' object is not subscriptable,<symbol> akshare.stock_value_em: TypeError: 'NoneType' object is not subscriptable,SYMBOL_DATA_ERROR,akshare-1.18.94,UNAVAILABLE_SDK_EXCEPTION,UNKNOWN,2026-09-11T08:04:56.416936+00:00,UNKNOWN,isolate; diagnose representative raw/SDK evidence
valuation_daily,600788.SH,FAILED,UNKNOWN,UNKNOWN,600788.SH akshare.stock_value_em: TypeError: 'NoneType' object is not subscriptable,<symbol> akshare.stock_value_em: TypeError: 'NoneType' object is not subscriptable,SYMBOL_DATA_ERROR,akshare-1.18.94,UNAVAILABLE_SDK_EXCEPTION,UNKNOWN,2026-09-11T08:05:02.854460+00:00,UNKNOWN,isolate; diagnose representative raw/SDK evidence
valuation_daily,600799.SH,FAILED,UNKNOWN,UNKNOWN,600799.SH akshare.stock_value_em: TypeError: 'NoneType' object is not subscriptable,<symbol> akshare.stock_value_em: TypeError: 'NoneType' object is not subscriptable,SYMBOL_DATA_ERROR,akshare-1.18.94,UNAVAILABLE_SDK_EXCEPTION,UNKNOWN,2026-09-11T08:05:08.912434+00:00,UNKNOWN,isolate; diagnose representative raw/SDK evidence
valuation_daily,600804.SH,FAILED,UNKNOWN,UNKNOWN,600804.SH akshare.stock_value_em: TypeError: 'NoneType' object is not subscriptable,<symbol> akshare.stock_value_em: TypeError: 'NoneType' object is not subscriptable,SYMBOL_DATA_ERROR,akshare-1.18.94,UNAVAILABLE_SDK_EXCEPTION,UNKNOWN,2026-09-11T08:05:15.225161+00:00,UNKNOWN,isolate; diagnose representative raw/SDK evidence
valuation_daily,600806.SH,FAILED,UNKNOWN,UNKNOWN,600806.SH akshare.stock_value_em: TypeError: 'NoneType' object is not subscriptable,<symbol> akshare.stock_value_em: TypeError: 'NoneType' object is not subscriptable,SYMBOL_DATA_ERROR,akshare-1.18.94,UNAVAILABLE_SDK_EXCEPTION,UNKNOWN,2026-09-11T08:05:21.360138+00:00,UNKNOWN,isolate; diagnose representative raw/SDK evidence
valuation_daily,600811.SH,FAILED,UNKNOWN,UNKNOWN,600811.SH akshare.stock_value_em: TypeError: 'NoneType' object is not subscriptable,<symbol> akshare.stock_value_em: TypeError: 'NoneType' object is not subscriptable,SYMBOL_DATA_ERROR,akshare-1.18.94,UNAVAILABLE_SDK_EXCEPTION,UNKNOWN,2026-09-11T08:05:27.587750+00:00,UNKNOWN,isolate; diagnose representative raw/SDK evidence
valuation_daily,600813.SH,FAILED,UNKNOWN,UNKNOWN,600813.SH akshare.stock_value_em: TypeError: 'NoneType' object is not subscriptable,<symbol> akshare.stock_value_em: TypeError: 'NoneType' object is not subscriptable,SYMBOL_DATA_ERROR,akshare-1.18.94,UNAVAILABLE_SDK_EXCEPTION,UNKNOWN,2026-09-11T08:05:33.937563+00:00,UNKNOWN,isolate; diagnose representative raw/SDK evidence
valuation_daily,600823.SH,FAILED,UNKNOWN,UNKNOWN,600823.SH akshare.stock_value_em: TypeError: 'NoneType' object is not subscriptable,<symbol> akshare.stock_value_em: TypeError: 'NoneType' object is not subscriptable,SYMBOL_DATA_ERROR,akshare-1.18.94,UNAVAILABLE_SDK_EXCEPTION,UNKNOWN,2026-09-11T08:05:40.199158+00:00,UNKNOWN,isolate; diagnose representative raw/SDK evidence
valuation_daily,600832.SH,FAILED,UNKNOWN,UNKNOWN,600832.SH akshare.stock_value_em: TypeError: 'NoneType' object is not subscriptable,<symbol> akshare.stock_value_em: TypeError: 'NoneType' object is not subscriptable,SYMBOL_DATA_ERROR,akshare-1.18.94,UNAVAILABLE_SDK_EXCEPTION,UNKNOWN,2026-09-11T08:05:46.458495+00:00,UNKNOWN,isolate; diagnose representative raw/SDK evidence
valuation_daily,600836.SH,FAILED,UNKNOWN,UNKNOWN,600836.SH akshare.stock_value_em: TypeError: 'NoneType' object is not subscriptable,<symbol> akshare.stock_value_em: TypeError: 'NoneType' object is not subscriptable,SYMBOL_DATA_ERROR,akshare-1.18.94,UNAVAILABLE_SDK_EXCEPTION,UNKNOWN,2026-09-11T08:05:52.676560+00:00,UNKNOWN,isolate; diagnose representative raw/SDK evidence
valuation_daily,600837.SH,FAILED,UNKNOWN,UNKNOWN,600837.SH akshare.stock_value_em: TypeError: 'NoneType' object is not subscriptable,<symbol> akshare.stock_value_em: TypeError: 'NoneType' object is not subscriptable,SYMBOL_DATA_ERROR,akshare-1.18.94,UNAVAILABLE_SDK_EXCEPTION,UNKNOWN,2026-09-11T08:05:59.171502+00:00,UNKNOWN,isolate; diagnose representative raw/SDK evidence
valuation_daily,600840.SH,FAILED,UNKNOWN,UNKNOWN,600840.SH akshare.stock_value_em: TypeError: 'NoneType' object is not subscriptable,<symbol> akshare.stock_value_em: TypeError: 'NoneType' object is not subscriptable,SYMBOL_DATA_ERROR,akshare-1.18.94,UNAVAILABLE_SDK_EXCEPTION,UNKNOWN,2026-09-11T08:06:05.673327+00:00,UNKNOWN,isolate; diagnose representative raw/SDK evidence
valuation_daily,600842.SH,FAILED,UNKNOWN,UNKNOWN,600842.SH akshare.stock_value_em: TypeError: 'NoneType' object is not subscriptable,<symbol> akshare.stock_value_em: TypeError: 'NoneType' object is not subscriptable,SYMBOL_DATA_ERROR,akshare-1.18.94,UNAVAILABLE_SDK_EXCEPTION,UNKNOWN,2026-09-11T08:06:11.739941+00:00,UNKNOWN,isolate; diagnose representative raw/SDK evidence
valuation_daily,600849.SH,FAILED,UNKNOWN,UNKNOWN,600849.SH akshare.stock_value_em: TypeError: 'NoneType' object is not subscriptable,<symbol> akshare.stock_value_em: TypeError: 'NoneType' object is not subscriptable,SYMBOL_DATA_ERROR,akshare-1.18.94,UNAVAILABLE_SDK_EXCEPTION,UNKNOWN,2026-09-11T08:06:18.100032+00:00,UNKNOWN,isolate; diagnose representative raw/SDK evidence
valuation_daily,600852.SH,FAILED,UNKNOWN,UNKNOWN,600852.SH akshare.stock_value_em: TypeError: 'NoneType' object is not subscriptable,<symbol> akshare.stock_value_em: TypeError: 'NoneType' object is not subscriptable,SYMBOL_DATA_ERROR,akshare-1.18.94,UNAVAILABLE_SDK_EXCEPTION,UNKNOWN,2026-09-11T08:06:24.296273+00:00,UNKNOWN,isolate; diagnose representative raw/SDK evidence
valuation_daily,600856.SH,FAILED,UNKNOWN,UNKNOWN,600856.SH akshare.stock_value_em: TypeError: 'NoneType' object is not subscriptable,<symbol> akshare.stock_value_em: TypeError: 'NoneType' object is not subscriptable,SYMBOL_DATA_ERROR,akshare-1.18.94,UNAVAILABLE_SDK_EXCEPTION,UNKNOWN,2026-09-11T08:06:30.327452+00:00,UNKNOWN,isolate; diagnose representative raw/SDK evidence
valuation_daily,600870.SH,FAILED,UNKNOWN,UNKNOWN,600870.SH akshare.stock_value_em: TypeError: 'NoneType' object is not subscriptable,<symbol> akshare.stock_value_em: TypeError: 'NoneType' object is not subscriptable,SYMBOL_DATA_ERROR,akshare-1.18.94,UNAVAILABLE_SDK_EXCEPTION,UNKNOWN,2026-09-11T08:06:36.474301+00:00,UNKNOWN,isolate; diagnose representative raw/SDK evidence
valuation_daily,600878.SH,FAILED,UNKNOWN,UNKNOWN,600878.SH akshare.stock_value_em: TypeError: 'NoneType' object is not subscriptable,<symbol> akshare.stock_value_em: TypeError: 'NoneType' object is not subscriptable,SYMBOL_DATA_ERROR,akshare-1.18.94,UNAVAILABLE_SDK_EXCEPTION,UNKNOWN,2026-09-11T08:06:42.683703+00:00,UNKNOWN,isolate; diagnose representative raw/SDK evidence
valuation_daily,600890.SH,FAILED,UNKNOWN,UNKNOWN,600890.SH akshare.stock_value_em: TypeError: 'NoneType' object is not subscriptable,<symbol> akshare.stock_value_em: TypeError: 'NoneType' object is not subscriptable,SYMBOL_DATA_ERROR,akshare-1.18.94,UNAVAILABLE_SDK_EXCEPTION,UNKNOWN,2026-09-11T08:06:48.743448+00:00,UNKNOWN,isolate; diagnose representative raw/SDK evidence
valuation_daily,600891.SH,FAILED,UNKNOWN,UNKNOWN,600891.SH akshare.stock_value_em: TypeError: 'NoneType' object is not subscriptable,<symbol> akshare.stock_value_em: TypeError: 'NoneType' object is not subscriptable,SYMBOL_DATA_ERROR,akshare-1.18.94,UNAVAILABLE_SDK_EXCEPTION,UNKNOWN,2026-09-11T08:06:55.166646+00:00,UNKNOWN,isolate; diagnose representative raw/SDK evidence
valuation_daily,600896.SH,FAILED,UNKNOWN,UNKNOWN,600896.SH akshare.stock_value_em: TypeError: 'NoneType' object is not subscriptable,<symbol> akshare.stock_value_em: TypeError: 'NoneType' object is not subscriptable,SYMBOL_DATA_ERROR,akshare-1.18.94,UNAVAILABLE_SDK_EXCEPTION,UNKNOWN,2026-09-11T08:07:01.887666+00:00,UNKNOWN,isolate; diagnose representative raw/SDK evidence
valuation_daily,600898.SH,FAILED,UNKNOWN,UNKNOWN,600898.SH akshare.stock_value_em: TypeError: 'NoneType' object is not subscriptable,<symbol> akshare.stock_value_em: TypeError: 'NoneType' object is not subscriptable,SYMBOL_DATA_ERROR,akshare-1.18.94,UNAVAILABLE_SDK_EXCEPTION,UNKNOWN,2026-09-11T08:07:07.781760+00:00,UNKNOWN,isolate; diagnose representative raw/SDK evidence
valuation_daily,600899.SH,FAILED,UNKNOWN,UNKNOWN,600899.SH akshare.stock_value_em: TypeError: 'NoneType' object is not subscriptable,<symbol> akshare.stock_value_em: TypeError: 'NoneType' object is not subscriptable,SYMBOL_DATA_ERROR,akshare-1.18.94,UNAVAILABLE_SDK_EXCEPTION,UNKNOWN,2026-09-11T08:07:14.280142+00:00,UNKNOWN,isolate; diagnose representative raw/SDK evidence
valuation_daily,600978.SH,FAILED,UNKNOWN,UNKNOWN,600978.SH akshare.stock_value_em: TypeError: 'NoneType' object is not subscriptable,<symbol> akshare.stock_value_em: TypeError: 'NoneType' object is not subscriptable,SYMBOL_DATA_ERROR,akshare-1.18.94,UNAVAILABLE_SDK_EXCEPTION,UNKNOWN,2026-09-11T08:07:20.359341+00:00,UNKNOWN,isolate; diagnose representative raw/SDK evidence
valuation_daily,600991.SH,FAILED,UNKNOWN,UNKNOWN,600991.SH akshare.stock_value_em: TypeError: 'NoneType' object is not subscriptable,<symbol> akshare.stock_value_em: TypeError: 'NoneType' object is not subscriptable,SYMBOL_DATA_ERROR,akshare-1.18.94,UNAVAILABLE_SDK_EXCEPTION,UNKNOWN,2026-09-11T08:07:26.556195+00:00,UNKNOWN,isolate; diagnose representative raw/SDK evidence
valuation_daily,601028.SH,FAILED,UNKNOWN,UNKNOWN,601028.SH akshare.stock_value_em: TypeError: 'NoneType' object is not subscriptable,<symbol> akshare.stock_value_em: TypeError: 'NoneType' object is not subscriptable,SYMBOL_DATA_ERROR,akshare-1.18.94,UNAVAILABLE_SDK_EXCEPTION,UNKNOWN,2026-09-11T08:07:32.745117+00:00,UNKNOWN,isolate; diagnose representative raw/SDK evidence
valuation_daily,601258.SH,FAILED,UNKNOWN,UNKNOWN,601258.SH akshare.stock_value_em: TypeError: 'NoneType' object is not subscriptable,<symbol> akshare.stock_value_em: TypeError: 'NoneType' object is not subscriptable,SYMBOL_DATA_ERROR,akshare-1.18.94,UNAVAILABLE_SDK_EXCEPTION,UNKNOWN,2026-09-11T08:07:38.951145+00:00,UNKNOWN,isolate; diagnose representative raw/SDK evidence
valuation_daily,601268.SH,FAILED,UNKNOWN,UNKNOWN,601268.SH akshare.stock_value_em: TypeError: 'NoneType' object is not subscriptable,<symbol> akshare.stock_value_em: TypeError: 'NoneType' object is not subscriptable,SYMBOL_DATA_ERROR,akshare-1.18.94,UNAVAILABLE_SDK_EXCEPTION,UNKNOWN,2026-09-11T08:07:45.263061+00:00,UNKNOWN,isolate; diagnose representative raw/SDK evidence
valuation_daily,601299.SH,FAILED,UNKNOWN,UNKNOWN,601299.SH akshare.stock_value_em: TypeError: 'NoneType' object is not subscriptable,<symbol> akshare.stock_value_em: TypeError: 'NoneType' object is not subscriptable,SYMBOL_DATA_ERROR,akshare-1.18.94,UNAVAILABLE_SDK_EXCEPTION,UNKNOWN,2026-09-11T08:07:51.361186+00:00,UNKNOWN,isolate; diagnose representative raw/SDK evidence
valuation_daily,601558.SH,FAILED,UNKNOWN,UNKNOWN,601558.SH akshare.stock_value_em: TypeError: 'NoneType' object is not subscriptable,<symbol> akshare.stock_value_em: TypeError: 'NoneType' object is not subscriptable,SYMBOL_DATA_ERROR,akshare-1.18.94,UNAVAILABLE_SDK_EXCEPTION,UNKNOWN,2026-09-11T08:07:57.809165+00:00,UNKNOWN,isolate; diagnose representative raw/SDK evidence
valuation_daily,601989.SH,FAILED,UNKNOWN,UNKNOWN,601989.SH akshare.stock_value_em: TypeError: 'NoneType' object is not subscriptable,<symbol> akshare.stock_value_em: TypeError: 'NoneType' object is not subscriptable,SYMBOL_DATA_ERROR,akshare-1.18.94,UNAVAILABLE_SDK_EXCEPTION,UNKNOWN,2026-09-11T08:08:04.010838+00:00,UNKNOWN,isolate; diagnose representative raw/SDK evidence
valuation_daily,603003.SH,FAILED,UNKNOWN,UNKNOWN,603003.SH akshare.stock_value_em: TypeError: 'NoneType' object is not subscriptable,<symbol> akshare.stock_value_em: TypeError: 'NoneType' object is not subscriptable,SYMBOL_DATA_ERROR,akshare-1.18.94,UNAVAILABLE_SDK_EXCEPTION,UNKNOWN,2026-09-11T08:08:10.180717+00:00,UNKNOWN,isolate; diagnose representative raw/SDK evidence
valuation_daily,603133.SH,FAILED,UNKNOWN,UNKNOWN,603133.SH akshare.stock_value_em: TypeError: 'NoneType' object is not subscriptable,<symbol> akshare.stock_value_em: TypeError: 'NoneType' object is not subscriptable,SYMBOL_DATA_ERROR,akshare-1.18.94,UNAVAILABLE_SDK_EXCEPTION,UNKNOWN,2026-09-11T08:08:16.190815+00:00,UNKNOWN,isolate; diagnose representative raw/SDK evidence
valuation_daily,603157.SH,FAILED,UNKNOWN,UNKNOWN,603157.SH akshare.stock_value_em: TypeError: 'NoneType' object is not subscriptable,<symbol> akshare.stock_value_em: TypeError: 'NoneType' object is not subscriptable,SYMBOL_DATA_ERROR,akshare-1.18.94,UNAVAILABLE_SDK_EXCEPTION,UNKNOWN,2026-09-11T08:08:22.504747+00:00,UNKNOWN,isolate; diagnose representative raw/SDK evidence
valuation_daily,603388.SH,FAILED,UNKNOWN,UNKNOWN,603388.SH akshare.stock_value_em: TypeError: 'NoneType' object is not subscriptable,<symbol> akshare.stock_value_em: TypeError: 'NoneType' object is not subscriptable,SYMBOL_DATA_ERROR,akshare-1.18.94,UNAVAILABLE_SDK_EXCEPTION,UNKNOWN,2026-09-11T08:08:28.614480+00:00,UNKNOWN,isolate; diagnose representative raw/SDK evidence
valuation_daily,603555.SH,FAILED,UNKNOWN,UNKNOWN,603555.SH akshare.stock_value_em: TypeError: 'NoneType' object is not subscriptable,<symbol> akshare.stock_value_em: TypeError: 'NoneType' object is not subscriptable,SYMBOL_DATA_ERROR,akshare-1.18.94,UNAVAILABLE_SDK_EXCEPTION,UNKNOWN,2026-09-11T08:08:34.715438+00:00,UNKNOWN,isolate; diagnose representative raw/SDK evidence
valuation_daily,603603.SH,FAILED,UNKNOWN,UNKNOWN,603603.SH akshare.stock_value_em: TypeError: 'NoneType' object is not subscriptable,<symbol> akshare.stock_value_em: TypeError: 'NoneType' object is not subscriptable,SYMBOL_DATA_ERROR,akshare-1.18.94,UNAVAILABLE_SDK_EXCEPTION,UNKNOWN,2026-09-11T08:08:41.052701+00:00,UNKNOWN,isolate; diagnose representative raw/SDK evidence
valuation_daily,603963.SH,FAILED,UNKNOWN,UNKNOWN,603963.SH akshare.stock_value_em: TypeError: 'NoneType' object is not subscriptable,<symbol> akshare.stock_value_em: TypeError: 'NoneType' object is not subscriptable,SYMBOL_DATA_ERROR,akshare-1.18.94,UNAVAILABLE_SDK_EXCEPTION,UNKNOWN,2026-09-11T08:08:47.290923+00:00,UNKNOWN,isolate; diagnose representative raw/SDK evidence
valuation_daily,603996.SH,FAILED,UNKNOWN,UNKNOWN,603996.SH akshare.stock_value_em: TypeError: 'NoneType' object is not subscriptable,<symbol> akshare.stock_value_em: TypeError: 'NoneType' object is not subscriptable,SYMBOL_DATA_ERROR,akshare-1.18.94,UNAVAILABLE_SDK_EXCEPTION,UNKNOWN,2026-09-11T08:08:53.559685+00:00,UNKNOWN,isolate; diagnose representative raw/SDK evidence
valuation_daily,688086.SH,FAILED,UNKNOWN,UNKNOWN,688086.SH akshare.stock_value_em: TypeError: 'NoneType' object is not subscriptable,<symbol> akshare.stock_value_em: TypeError: 'NoneType' object is not subscriptable,SYMBOL_DATA_ERROR,akshare-1.18.94,UNAVAILABLE_SDK_EXCEPTION,UNKNOWN,2026-09-11T08:08:59.793101+00:00,UNKNOWN,isolate; diagnose representative raw/SDK evidence
valuation_daily,688555.SH,FAILED,UNKNOWN,UNKNOWN,688555.SH akshare.stock_value_em: TypeError: 'NoneType' object is not subscriptable,<symbol> akshare.stock_value_em: TypeError: 'NoneType' object is not subscriptable,SYMBOL_DATA_ERROR,akshare-1.18.94,UNAVAILABLE_SDK_EXCEPTION,UNKNOWN,2026-09-11T08:09:05.954965+00:00,UNKNOWN,isolate; diagnose representative raw/SDK evidence
